Resume Title,Introduction,Work Experience,Skills,Additional Information
Sales Manager,"Dynamic technical sales professional with diverse skill set and progressive career in complex hardware
solutions. Experience encompasses B2B & channel sales management, product development, team
building, public speaking and operations. Proven ability to organize and manage in a fast-paced team
environment. Refined business acumen, and capable of critical thinking and problem solving in real-time.
Energetic and well-rounded with exceptional inter-personal skills.","Sales Manager-MadgeTech, Inc-August 2015 to February 2017-Warner, NH-•       Built and Directed inside sales team offering solution-based data logging hardware, software, and services to customers across multiple vertical markets

•       Directed personnel in support of global channel partner network

•       15% Sales Growth from 2015 to 2017: $8.5M to $9.7M (Combined channel and direct)

•       Managed expansive product portfolio

•       Developed, implemented, and tracked strategic sales plans to expand revenue generation in core verticals, and penetrate new markets

•       Provided technical product and sales development training to personnel

•       Team lead for new product development among Sr. Management Team

•       Established price structure and sales strategy for new products and related accessories

•       Cultivated high level relationships with key accounts and channel partners

•       Provided web presentations for prospects and existing customers
•   Advised ownership on key adjustments to existing business model

•   Contributed heavily to marketing literature, sell sheets, product change notifications, and online content

•   Established and implemented numerous process improvements in accordance with ISO:9001 and
ISO:17025 criteria,Technical Sales Representative-MadgeTech, Inc-March 2015 to August 2015-Warner, NH-•   Consistently achieved average of 120% of monthly sales quota

•   Key account development of Tier 1 targets in Industrial, Food, and Life Sciences industries

•   Translated complex customer application details into product option offers

•   Developed extensive knowledge of 5 product families, industrial applications, FDA regulatory framework, and market landscape

•   Collaborated with marketing department to creatively attack key industry niches

•   Performed on-site presentations and consultations for complex deployments of hardware and related
software

•   Rapidly assimilated advanced information regarding product, software, and industry standards,Remote Sales & Business Development-SMT Corporation-June 2013 to February 2015--•   Consistently achieved average of 115% of $55K monthly sales quota

•   Responsible for giving on-site presentations of company services to new & prospective customers

•   Set pricing for product, based upon multi-faceted market evaluation

•   Represented company at all industry trade shows, conferences, and speaking engagements

•   Advised ownership and upper-management on strategic initiatives

•   Distributor Sales Team Lead, responsible for training new hires on sales process, market dynamics, and counterfeit mitigation

•   Engaged in business development in new market sectors

•   Performed regular market analysis of segments within the semiconductor industry,OEM & Distributor Sales Manager-SMT Corporation-March 2011 to June 2013-Sandy Hook, CT-•   Managed sales and admin team of 10-14 direct reports

•   Guided growth of annual revenue from $8m to $10m over two-year period, while improving efficiency and lowering costs
•   Involved in contract negotiation, vendor relations, and critical customer-facing communication

•   Identified and developed key accounts in target market

•   Delivered creative solutions to meet customer needs

•   Facilitated implementation of company-wide process changes to meet customer-specific demands, within
AS9120 & ISO17025 environment

•   Responsible for daily real-time problem solving in a fluid environment, involving key personnel from other
departments

•   Organized and executed inter-departmental initiative to develop and roll out custom software modules,Distributor Sales Manager-SMT Corporation-January 2009 to March 2011-Sandy Hook, CT-•   Expanded reach and scope of company brand in the global marketplace

•   Increased international exposure

•   Responsible for training and development of new employees

•   Oversaw all aspects of the department's process management

•   Established performance benchmarks for department and team members

•   Created new data collection methodology for metric evaluation

•   Fostered strong relationships with diverse customer base,Sales Representative-SMT Corporation-June 2005 to January 2009-Sandy Hook, CT-•   Gained extensive knowledge of electronic components and their function

•   Performed sales and purchasing functions

•   Applied principles of market dynamics to price structures

•   Interfaced with customers to provide support, resolve issues, and build relations

•   Maintained over 50 high profile accounts","120 months-CRM,72 months-Contract Negotiation,108 months-Consultative Selling,84 months-Team Building","•    Well-Developed Sales & Business Acumen               •    Excellent Written & Verbal Communication

•    High Level Technical Aptitude                        •    Strong Public Speaking Ability

•    Team Player & Leader                                 •    Critical Thinking & Creative Problem Solving"
Implementation Engineer,"Experienced, dependable and motivated IT Technician with excellent customer service skills.  Military technology experience with the ability to work with a variety of IT skills.  Detail orientated professional with proven ability to work well under pressure in a deadline-driven fashion.","Implementation Engineer-Versatile Communications-January 2016 to September 2017-Marlborough, MA-• Customer Facing implementation specialist for deploying hardware/software based solutions to customer sites.
• Lead Field Technician for ShoreTel VoIP System Deployments.
• Asset Inventory Manager for Internal Equipment.
• Created Image and Deployment procedures for Internal and for Customers for Repairs and New machine orders via ghost imaging.,Systems Administrator-VoIP Specialist, Managed Services Team Lead-Versatile Communications-April 2013 to January 2016-Marlborough, MA-• Team Lead for Managed Service Department for Daily Operations and Reporting
• Lead Field Technician for ShoreTel VoIP System Deployments
• Systems Administrator for a wide scale of customers
• Maintain Customer relation and managed System Down emergencies with proper communication to managing parties.,Helpdesk/Desktop Technician-Enservio-January 2012 to April 2013-Needham, MA-Helpdesk Support
• Maintained and managed Cisco Call Manager for 100+ users
• Implemented inventory system to help track hardware/software.
• Helpdesk support for 100+ users to included hardware/software repair,Field Wireman-US Marine Corps - Camp Dwyer-January 2011 to January 2011--ISP /OSP NCOIC
• In Charge of planning and implementation of fiber optics and fiber optic equipment
• Delegated team of 10 Marines and 4 Civilians to complete daily tasks
• Maintained fiber optic backbone that supported 5,000+ military and civilian personnel
• Received award for occupational excellence upon completion of tour","15 months-CISCO,12 months-FIBER OPTIC,6 months-VMWARE,6 months-AXIS,6 months-EXCHANGE","TECHNICAL SKILLS

Hardware: Switches, Routers, ShoreTel and Cisco PBX, Fiber Optic Splice Kits/OTDR, Axis, SAN's
Software: MS Exchange 2007/2010/2013, Office 365, Hyper V, VMWare, ShoreTel PBX, Cisco Call Manager, Axis Camera Apps.
Operating Systems: Windows 7, Windows 8.1, Windows 10, Mac OS
Servers: Windows Server 2003, 2008 and 2012."
Civil engineer,"To obtain full time employment in the field of Civil Engineering, and fulfill my interest in enhancing America's infrastructure.","Engineering Department Intern-Town of Billerica Public Works-May 2016 to Present-Billerica, MA-• Accompanied town engineers.
• Relayed messages to contractors.
• Inspected jobsite.
• Multitasked in a fast- paced work environment.
• Maintained a safe work environment.,Water Department Intern-Town of Billerica Public Works-May 2015 to January 2016-Billerica, MA-• Prepared and tested water samples.
• Recorded water characteristics throughout the plant.
• Inspected pumping stations.,Laborer-MJM Masonry INC-April 2012 to September 2012-Arlington, MA-• Prepared materials for a mason in a timely manner.
• Constructed Staging.
• Communicated with other workers.,Laborer-Tim Zanelli Excavating-June 2011 to September 2011-North Reading, MA-• Helped aid operator.
• Communicated with laborers in the pit.
• Maintained a safe work environment.",,"• Bachelors of Science in Civil and Environmental Engineering.
• Town of Billerica Department of Public Works Engineering Intern.
• OSHA 10-Hour Card
• Microsoft Office (Excel, Word and PowerPoint)
• CAD (AutoCAD, AutoCAD Civil 3D)"
BDC Data Analyst,,"BDC Data Analyst-Gary Rome Auto Group-January 2015 to Present-Holyoke, MA-• Audited internet sales leads monthly resulting in an average of 40% of monthly credits. Documented audit processes for each vendor.
• Generated phone system data reports and analyzed to ensure accuracy. Tracked weekly, monthly, and yearly metrics. Using Microsoft Excel and PowerPoint, developed high level monthly reports for senior management reflecting incoming call statistics, highlighting trends across time and department.
• SME for phone system software (Unity). Identified gaps regarding coverage, worked with stakeholders to address business needs. Created backup processes and troubleshooting guides for management and users.
• Answered multi-line phone system for two dealerships. Routed calls efficiently, responded to any customer needs with compassion; escalated any customer concern when necessary.
• Assisted management throughout the business with ad hoc projects,Service Delivery Manager-GE IT Solutions-July 2003 to October 2004-Pittsfield, MA-• Coordinated international and remote IT service delivery for a large corporate customer. Supervised 23 desktop support and network engineer technicians across the US.  Facilitated contract negotiation meetings.
• Within one year, generated nearly $5 million in business proceeds. Reviewed and resolved accounts receivables through inter-departmental communication between Finance, Billing, & Service Delivery.
• Discovered and verified $700K in missed revenue from prior years' business.,Project Manager – Contracts/Finance,-GE IT Solutions-January 2001 to July 2003-Erlanger, KY-•Technical Subject Matter Expert through multiple business-wide transitions. Primary contact for customers, IT development, field staff, and management. Key resource for cross-functional projects and initiatives.
•Led a team of 37 specialists from 4 businesses in 5 countries to transfer $2.7B annual billing from Mexico to comply with US tax laws. Departments included legal, finance, IT, and senior management.
•Resolved contractual billing disputes of $500K. Identified a $80K final settlement of a prime vendor contract, audited accounts validating $300K, and corrected $75K billed to the wrong customer. Improved invoice cycle time, increased billing accuracy, and lowered AR delinquency from 27.3% to 7.5%. 
•Six Sigma Green Belt project concerning employee utilization, software improvements, and improved service delivery.,Service Administrator II-GE IT Solutions-January 1999 to January 2001-Jefferson City, MO-• Pivot person for IT services in a prime vendor contract for the State of Missouri. Developed processes for first level IT support based on the Service Level Agreements for over 20 service contracts.
• Customized company reports for customer CTQs. Increased break-fix SLA compliance from 74% to 93%.
• Migrated 30 employees to virtual offices. Served as focal point for  business re-organization","30 months-SIX-SIGMA,36 months-DATA ANALYSIS,24 months-It Service Management,24 months-Communications,120 months-Microsoft Office,36 months-Training & Development,48 months-Trainer,24 months-Management,24 months-Manager,24 months-Research,36 months-Six Sigma Green Belt,60 months-Process Improvement,24 months-Project Management,36 months-Finance,24 months-Billing,36 months-Office Administration,24 months-Computer Hardware,84 months-Reporting,24 months-Team Building,72 months-Team Leader","CORE COMPETENCIES
• Project Management• Team Building & Development• Cross-Business Networking
• Quality/Six Sigma• Flexible Training & Leadership Styles• Communication
• Data Analysis• Software & Computer Flexibility• IT/Systems Acumen"
Safety Engineer Intern,,"Safety Engineer Intern-Hexagon Manufacturing Intelligence-July 2016 to Present-North Kingstown, RI-• Facilitated the research and implementation of emergency management programs and projects to drive operational safety and efficiency.
• Developed and managed emergency action and response plans for all company North American locations, collaborating with site
leadership to ensure compliance with all OSHA, EPA, and state regulations.
• Reviewed corporate audits and conducted internal evaluations using root cause analysis to verify that all ISO 14001:2015 standards
were effectively met. Assessed the environmental aspects and impacts of manufacturing operations and developed a systematic approach to evaluating and managing risk.
• Evaluated a specific manufacturing process through the measurement of cycle times, excess idle time, and identification of process delays. Constructed value stream maps to depict process flow and provide a calculated comparison of the current state versus the process future state.
• Effectuated test procedures to ensure maximized performance specification of coordinate measuring machines. Statistically analyzed
data to identify the effect of factors on measurement accuracy.,Project Intern-Frito-Lay North America-September 2015 to May 2016-Killingly, CT-• Streamlined crew scheduling and trip planning processes within the Frito-Lay distribution center through the development of an Excel
based system to optimally schedule workers and project performance throughout the night.
• Identified existing heuristic techniques and methodologies to simulate in the scheduling system design.
• Integrated historical demand, performance data, and facility constraints by formulating optimization models to maximize throughput, decrease overtime costs, and assure on time delivery.
• Constructed simulation models to validate optimized crew schedules and measure expected throughput.","9 months-MATLAB,36 months-OPTIMIZATION,36 months-SIMULATION,24 months-SIX SIGMA,36 months-Statistical Analysis,12 months-Control Systems,0 months-Automotive Systems","Core Competencies: Control Systems, Automotive Systems, Optimization, System Simulation, Six Sigma, Statistical Analysis

Programming Languages and Software: Julia, MATLAB/Simulink, Microsoft Office Suite, Minitab, LaTeX, ProModel, R"
Classified Ads Manager,"To utilize experience and personal skills in the areas of communications, customer service/relations and advertising/marketing","Classified Ads Manager-Quality of Life Publications (The Hippo & York Independent)-July 2009 to June 2010-Manchester, NH-• As a representative my duties were not exclusive to cold calling, sales and marketing. Daily activities revolved around client relations and supporting both the needs of small and large businesses in the Manchester and York communities.
•  Additional tasks were handling billing solutions for both current and new clients, reception, updating the existing database and assisting with the layout and visual dimensions for the newspaper.
• Dealing with deadlines and quotas were a weekly ritual and with those pressures I was able to work in a team environment to consistently meet all my obligations.,Admissions Coordinator-Hesser College-June 2008 to May 2009-Manchester, NH-• This role included working with Admissions Councilors and Directors of Admissions to successfully enroll students into the college of 600+ students.
• Tasks included course counseling and enrolments for current and potential students
• Duties were not limited to filling in as a receptionist, organizing and documenting student's needs and designating appointments within Admissions and Financial Aid.,Small Business Owner--January 1995 to January 2006--• Provide cleaning services for residential and small commercial businesses in the greater Concord region
• Tasks included scheduling, billing, client relations and accounting.
• Networking was the key to this business; the entire client roster was based on referrals and personal accounts.
• After more than a decade the business was finally closed due to medical and personal reasons.",,
ASSISTANT PROGRAM MANAGER,,"ASSISTANT PROGRAM MANAGER-HARBOR HOMES-August 2017 to Present--• Assistant in running a Veteran FIRST program with Transitional Housing for Homeless Veterans. Manage a 26 unit building for Veterans.  Manage 2 other permanent housing programs outside the building for chronically homeless individuals specifically for Veterans and Mentally Ill individuals. Find housing for the Veterans while in my program. Case manage and help redevelop life skills and help support and maintain and healthy lifestyle for the Veterans to live independently.
• Interact directly with prospective and current residents to achieve maximum occupancy at the properties
• Enter and update all lease activities in property management software and generate leasing activity reports and availability list
• Field phone calls, ascertain needs and qualifications and schedule appointments and showings for prospective tenants
• Process application, ensuring that it is completed in its entirety, obtaining all supporting documents and required information, and collecting the necessary fees and deposit
• Follow up with applicants and prospects with phone calls, emails and letters
• Walk through the apartment with tenants on move-in day, take move-in pictures and have tenants sign move-in report for apartment; administer execution of lease form/agreements, obtain tenant's renter's insurance information and deliver keys
• Initiate the development of advertising and marketing plan for community, and present to management for implementation. Seek new outlets and venues for broader market outreach
• Travel to our other properties/apartment communities, as needed
• Coordinates Employment Opportunities:
Maintains log of employment resources and job leads which is available to all residents. Utilizes computer-based resources for job search leads. Supervises resident access to internet resources for job search activities.
• Maintains contact with potential employers, job fair opportunities, and other job lead resources, to include the area where the offender plans to live following release.
• Establishes and maintains contact with employers in accordance with SOW requirements.
• Refers residents to job search or training organizations in the area.
• Investigates job leads according to each individual resident's skills, interests, and experience.
• Conducts Employment Education:
• Offers suggestions on certain jobs for residents to pursue. Assists with resume writing, interviewing skills, and general job readiness skills.
• Conducts individual and group sessions relative to employment.,ADMINSTRATION CLAIMS ASSISTANT-THE LAWSON GROUP-January 2016 to January 2017--• Communicates with insureds, injured workers, agents, brokers, witnesses, attorneys, loss prevention, and underwriters to obtain and relate necessary information to determine coverage/compensability, facts of loss, and degree of liability/exposure. Maintains contact throughout the life of the file as needed.
• Administers the delivery of timely, appropriate and accurate indemnity and medical benefits.
• Evaluates claim exposure, negotiate and resolve claims. Works closely with defense counsel on litigated cases and attend mediation, arbitration, and hearings, as necessary. Develops litigation plan with defense counsel and tracks adherence to plan in order to control legal expenses and assure effective resolution.
• Works closely with insureds and employees making visitations and presentations as needed to facilitate partnership approach to claims handling.
• Handles all mail received and handles outgoing mail for the company
• Answering phone calls and other adjuster's phone calls.,SUPERVISOR/MANAGER OF DEPARTMENT-BASS PRO SHOPS-January 2014 to January 2016--Management, communication, leadership, timesheets, scheduling, floor models, customer service.,Child Care Teacher-Little Visionary Childcare Center-August 2012 to March 2014-New Hampshire-","13 months-PROGRAM MANAGER,0 months-RETAIL,13 months-PROPERTY MANAGEMENT,0 months-Program Management,0 months-Apple,72 months-Microsoft office,60 months-Management","Skills & Abilities
MANAGEMENT
• 4 years of management with 3 different companies. Retail management for 3 years and 1 year of property management. Current Assistant Program Manager of 26 units at a Veterans Transitional Housing. Additional 2 other housing programs for the state to end homelessness.
CASE MANAGER, ORGANIZATION, LEADERSHIP, COMMUNICATION
• Case manager individuals on a regular basis. Maintain roughly 52 case files alone and multitask being a leader to my peers, influencing selflessness, communicating right from wrong, communicating to landlords and other important members of other programs, constantly balancing 3 program, providing great decision makings for the company and other individuals to provide life skills."
Technical Customer Service,"High energy, hardworking Engineering graduate with sales and mechanical experience, and dedicated focus
in advancing a career in sales and business development","Technical Customer Service-SmartCo Services LLC-August 2017 to September 2017-Taunton, MA-Bi-Lingual Customer service representative in the support department for Quebec and other territories.
- Promoting and supporting the PartsEye Software to Parts manager at Automobile dealerships
- Troubleshooting technical issues as they arise
- Providing assistance to our Automotive Parts Planners
- Assisting in activating new dealership customers
- Performing various analytical tasks / Analyzing data and comparing inventories
*Was obligated to resign (with management approval) due to transportation issue,International Sales Representative-Thomas C. Wilson LLC-March 2015 to May 2017-Long Island, NY-Account Manager for Canada (QC & ON) and Europe for HVAC maintenance and manufacturing tools.
- Maintain and manage existing customers and distributors
- Make regular status reports: follow-ups, closings and activities.
- Market analysis of each country (Competition, list of prospects, pricing, industries)
- Prospecting large database of customers to generate sales, Growing business in each territory. Average increase of turnover by territories from 2015 to 2016 by 25%
- Technical support for industrial projects (HVAC, Chemical, Oil & Gas, Power generation, Refineries, Aluminum mill    ..),Technical Support Engineer-GKN SERVICES FRANCE-September 2012 to November 2013-Chanteloup-les-Vignes, FR-Chanteloup-les-Vignes, France.
Customer service representative in technical support for the Agriculture and Industrial aftermarkets.
- Analysis of customer concerns during daily calls / Proposing technical solutions
- Elaboration / Price quotation for customer needs
- Processing Fabrication orders for mounting driveshaft / stock management for the assembly workshop
- Management of customer files (litigations / backorders / delivery monitoring management) (customer service rating average of 97% every month)
- Successful monthly turnover of objectives for the aftermarkets,Engineering internship at the Sophia Antipolis site-THALES Underwater Systems-April 2011 to October 2011--France.
- Definition and setup of a capitalization based on an expressed need
- Completion of a functional model in the form of an HIM while working with the information services to validate the concept / Document analysis and analysis of need according to demand / Project management,Engineering Internship-Valeo Commutation and Detection systems-June 2010 to August 2010--in Mondeville, France.
I worked in the quality service sector of VALEO Mondeville.
- Updating the duty description list on production lines in accordance with the new VALEO standard (100% of the 15
production lines updated and created duty description list for a upcoming new production line)
- 5S Project / Lean Manufacturing,Engineering Internship-Valeo Company Lighting System-June 2009 to August 2009--division as a worker in the factory of Hirson, France.
- Manufacturing firm discovery: production, quality and methods service, logistics",,
Data scientist,,"Skills * Programming Languages: Python (pandas, numpy, scipy, scikit-learn, matplotlib), Sql, Java, JavaScript/JQuery. * Machine learning: Regression, SVM, NaÃ¯ve Bayes, KNN, Random Forest, Decision Trees, Boosting techniques, Cluster Analysis, Word Embedding, Sentiment Analysis, Natural Language processing, Dimensionality reduction, Topic Modelling (LDA, NMF), PCA & Neural Nets. * Database Visualizations: Mysql, SqlServer, Cassandra, Hbase, ElasticSearch D3.js, DC.js, Plotly, kibana, matplotlib, ggplot, Tableau. * Others: Regular Expression, HTML, CSS, Angular 6, Logstash, Kafka, Python Flask, Git, Docker, computer vision - Open CV and understanding of Deep learning.Education Details 

Data Science Assurance Associate 

Data Science Assurance Associate - Ernst & Young LLP
Skill Details 
JAVASCRIPT- Exprience - 24 months
jQuery- Exprience - 24 months
Python- Exprience - 24 monthsCompany Details 
company - Ernst & Young LLP
description - Fraud Investigations and Dispute Services   Assurance
TECHNOLOGY ASSISTED REVIEW
TAR (Technology Assisted Review) assists in accelerating the review process and run analytics and generate reports.
* Core member of a team helped in developing automated review platform tool from scratch for assisting E discovery domain, this tool implements predictive coding and topic modelling by automating reviews, resulting in reduced labor costs and time spent during the lawyers review.
* Understand the end to end flow of the solution, doing research and development for classification models, predictive analysis and mining of the information present in text data. Worked on analyzing the outputs and precision monitoring for the entire tool.
* TAR assists in predictive coding, topic modelling from the evidence by following EY standards. Developed the classifier models in order to identify ""red flags"" and fraud-related issues.

Tools & Technologies: Python, scikit-learn, tfidf, word2vec, doc2vec, cosine similarity, NaÃ¯ve Bayes, LDA, NMF for topic modelling, Vader and text blob for sentiment analysis. Matplot lib, Tableau dashboard for reporting.

MULTIPLE DATA SCIENCE AND ANALYTIC PROJECTS (USA CLIENTS)
TEXT ANALYTICS - MOTOR VEHICLE CUSTOMER REVIEW DATA * Received customer feedback survey data for past one year. Performed sentiment (Positive, Negative & Neutral) and time series analysis on customer comments across all 4 categories.
* Created heat map of terms by survey category based on frequency of words * Extracted Positive and Negative words across all the Survey categories and plotted Word cloud.
* Created customized tableau dashboards for effective reporting and visualizations.
CHATBOT * Developed a user friendly chatbot for one of our Products which handle simple questions about hours of operation, reservation options and so on.
* This chat bot serves entire product related questions. Giving overview of tool via QA platform and also give recommendation responses so that user question to build chain of relevant answer.
* This too has intelligence to build the pipeline of questions as per user requirement and asks the relevant /recommended questions.

Tools & Technologies: Python, Natural language processing, NLTK, spacy, topic modelling, Sentiment analysis, Word Embedding, scikit-learn, JavaScript/JQuery, SqlServer

INFORMATION GOVERNANCE
Organizations to make informed decisions about all of the information they store. The integrated Information Governance portfolio synthesizes intelligence across unstructured data sources and facilitates action to ensure organizations are best positioned to counter information risk.
* Scan data from multiple sources of formats and parse different file formats, extract Meta data information, push results for indexing elastic search and created customized, interactive dashboards using kibana.
* Preforming ROT Analysis on the data which give information of data which helps identify content that is either Redundant, Outdated, or Trivial.
* Preforming full-text search analysis on elastic search with predefined methods which can tag as (PII) personally identifiable information (social security numbers, addresses, names, etc.) which frequently targeted during cyber-attacks.
Tools & Technologies: Python, Flask, Elastic Search, Kibana

FRAUD ANALYTIC PLATFORM
Fraud Analytics and investigative platform to review all red flag cases.
â?¢ FAP is a Fraud Analytics and investigative platform with inbuilt case manager and suite of Analytics for various ERP systems.
* It can be used by clients to interrogate their Accounting systems for identifying the anomalies which can be indicators of fraud by running advanced analytics
Tools & Technologies: HTML, JavaScript, SqlServer, JQuery, CSS, Bootstrap, Node.js, D3.js, DC.js",,
programmer,,"SOFTWARE SKILLS: â?¢ General Computer Proficiency â?¢ Program Langages known C, C+, Java, Web Programming â?¢ Tools & Software know MATLAB. DBMS KEY STRENGTHS: â?¢ Posse's Good communication and analytic skills. â?¢ Positive thinking. Sincere, Hard work, Honesty, Responsibility. â?¢ Enthusiastic to learn new skills & take up new tasks. â?¢ Self - motivated. â?¢ Ready to accept challenges Education Details 
January 2014 to January 2017 BE in computer science and engineering computer science engineering  Adichunchanagiri institute of technology chikmagalur
HR 


Skill Details 
DATABASE MANAGEMENT SYSTEM- Exprience - 6 months
DBMS- Exprience - 6 months
JAVA- Exprience - 6 months
MATLAB- Exprience - 6 monthsCompany Details 
company - Yours Truly
description - Jayashree H .K)",,
lawyer,,"Skills Legal Writing Efficient researcher Legal Education Family Law Criminal Defence Environment law and litigation Business legal issue Banking Law and commercial lawEducation Details 
January 2014 LLM Criminology Pune, Maharashtra University of Pune
January 2012 LLB Law Pune, Maharashtra University of Pune
January 2012 Diploma Labour Law Pune, Maharashtra University of Pune
Advocate 

Advocate
Skill Details 
LEGAL WRITING- Exprience - 6 months
LITIGATION- Exprience - 6 monthsCompany Details 
company - Family, Criminal in District and Session Court
description - Legal consultancy services for
Co-operative Banks, Scheduled Banks and Private Banks
Clients
Federal Bank (Chinchwad, Pune)
Bharat Co-Operative Bank (Chinchwad, Pune)
ICICI Bank

Scope of work
Finalising Loan Agreements,
Mortgage agreement, Release Deed  and Notice of Intimation,
Title Deed, Search Report
DRT cases
Legal notices for recovery of dues,
Filing Summary suits
Paper Notice,
Power of Attorney
Indemnity bond

Family Law
Legal Consultancy and representation for matters relating to Family disputes such as Marriage and Divorce, Succession, Adoption etc.
Lok Adalat
Panel Judicial Member - Four Times",,
event manager,,"Additional qualifications April 2000, Web Designing Course with above average computer skillsEducation Details 
January 2000 to January 2001 Bachelor of Arts Sociology Mumbai, Maharashtra The Mumbai University
January 1998 to January 2000 Bachelor of Arts Sociology  Sophia College
January 1997 to January 1998 H.S.C.   Sophia College
January 1995 to January 1996 S.S.C.   St. Teresa's Convent High School
Head business development, arts 

Head business development, arts
Skill Details 
Company Details 
company - British Council
description - Responsibilities
Ã± Strategic oversight responsibility for programmes in the performing arts (music, theatre and dance) and other cultural sectors.
Ã± lead on the conception and oversight of specific large-scale programmes within the overall Arts
programme,
Ã± Represent the British Council at external events in India and act as deputy to the Director, Arts when required.
Ã± Oversee and manage resources to deliver compelling communications for applicants that convey
British Council's grants like Charles Wallace India trust, Young Creative Entrepreneurs and
Chevening Clore scholarship programs on time and with excellence
Ã± Shortlisting and Interviewing potential applicants for existing relevant grants or fellowships.
Ã± Oversee a diverse range of proposals, progress reports and related projects
Ã± Ensuring effective and timely identification and communication of program progress
Ã± Lead a team of six project managers across the country and manage the performance of the team
responsible for executing arts projects with partnerships built into their work, expertise within their
geographic region to ensure arts insight and knowledge is available as and when required.
Ã± Managing relations with existing partners, and developing relationships with targeted new partners and key government officials and ensuring that market insight into business development
opportunities is built into the planning of new programmes
Ã± Primary strategic responsibility for the marketing of the Arts program in India, to ensure that the program builds a reputation that will be attractive to potential partners, in partnership with the
Marketing and Communications team.
company - British Council
description - is a cultural relations organization creating international opportunities for the people of the UK and other countries by building trust between them worldwide. They have offices in six continents and over 100 countries bringing international opportunity to life, every day. Each year they work with millions of people, connecting them with the United Kingdom, sharing their cultures and the UK's most attractive
assets: English, the Arts, and Education. They have 80 years' experience of doing this
company - British Council
description - Responsibilities
Ã± Leading the strategic development of British Council's work in the music sector in India/ Sri Lanka
region and building and maintaining strong international partnerships across sectors in India/ Sri
Lanka and the UK
Ã± Developing strong external partnerships that lead to significant external investment in BC activities and enabling the delivery of an ambitious programme of music sector activities and events thus
strengthening cultural relationships between India/ Sri Lanka and the UK
Ã±    Leading the implementation of the music programme within India and Sri Lanka along with detailed
project plans in liaison with colleagues from India/ Sri Lanka and the UK
Ã±    Proactive management of budgets and timelines for all projects
Ã±    Ensuring systematic evaluation of projects, including developing effective systems and processes for capturing both quantitative and qualitative information about effectiveness of projects and longer
term impact
Ã±    Management of a team across India and Sri Lanka, contributing to recruitment and development/
mentoring of staff
company - British Council
description - Responsibilities
Ã± Planning and organizing logistics related to events, buildings, performers/artists and other
personnel
Ã± Marketing a performance or event through social media, direct mail, advertising, use of a website,
producing posters or publicity leaflets and attracting media coverage
Ã± Planning and managing budgets
Ã± Programming and booking performances and events, including arrangements for tours in India
Ã± Development of new projects and initiatives in consultation with arts professionals and key
stakeholders (e.g. local authorities, local government and communities, venue directors and regional partners)
Ã± Taking responsibility for operational and office management issues such as venue accessibility,
health and safety issues
Ã± Implementing and maintaining office and information systems
Ã± Providing administration support to managers and the director
Ã± Ensuring corporate and legal requirements are complied with, and reporting to the head of the unit
company - British Council
description - Responsibilities
Ã± Developing of new specific new projects and initiatives in the music, film and visual art sector in consultation with the Council and key stakeholders
Ã± Planning and managing budgets
Ã± Supporting the marketing a performance or event through social media, direct mail, advertising, use of a website, producing posters or publicity leaflets and attracting media coverage
Ã± Programming the outreach and workshops for the respective programmes.
company - AirCheck India
description - The company intended to launch stations in both these metros on August 29, 2001.
For its Mumbai FM station, WIN had the basic infrastructure that includes a studio and production facilities.
The transmission tower for the station is located in central Mumbai.

Responsibilities
Ã± Generating and researching ideas for programmes and pitching for commissions
Ã± Sourcing potential contributors and interviewees
Ã± Selecting music appropriate to the programme, the audience and the station
Ã± Producing pre-production briefings for presenters, reporters, technical staff and other contributors
Ã± Managing the logistics of getting people, resources and equipment together to the right place at the right time
Ã± undertaking editing, interviewing and reporting duties as necessary
Ã± Presenting programmes or managing presenters for both pre-recorded and recorded output
Ã± Checking that copyrights are cleared and understanding media law
Ã± Using editing and mixing software's like 'Sonic Foundry Vegas', 'Sonic Foundry Sound Forge',
'Acid', and 'Midi'.
company - Rave Magazine
description - Rave Magazine was the definitive voice of music emerging from the Indian sub-continent and the lifestyle
that surrounds it. Through exclusive reporting, a unique sensibility, and with an editorial team with over 20
years of experience in publishing, RAVE Magazine covers every genre of music emerging from the region and provides new perspectives on International music.

Responsibilities
Ã± Maintain production schedules and report on the progress
Ã± Overview the staff, manage and supervise photographers and freelance writers and generally
provide administrative support for the editor
Ã± Participated in production meetings and brain storming sessions to decide on the direction, future
trends and contents of the publication
company - Xs Events
description - Xs Events is an event management company primarily dealing with corporate clients who used different
events to increase an audience's exposure with a brand.

Responsibilities
Ã± Development, production and delivery of projects from proposal right up to delivery.
Ã± Delivering events on time, within budget
Ã± Maintaining timelines and priorities on every project
Ã± Managing supplier relationships
Ã±    Managing operational and administrative         functions to ensure specific projects are delivered
efficiently
company - Banyan Tree Communications
description - Responsibilities
Ã± Sourcing potential contributors and interviewees
Ã± Selecting music appropriate to the programme, the audience and the station
Ã± undertaking editing, interviewing and reporting duties as necessary
Ã± Checking that copyrights are cleared and understanding media law
company - French Embassy
description - on a part time basis.
company - British Council
description - Mumbai
Advice students on various academic opportunities in the United Kingdom and assisted with various
exhibitions by the British Council.",,
Web developer,,"Technical Skills Web Technologies: Angular JS, HTML5, CSS3, SASS, Bootstrap, Jquery, Javascript. Software: Brackets, Visual Studio, Photoshop, Visual Studio Code Education Details 
January 2015 B.E CSE Nagpur, Maharashtra G.H.Raisoni College of Engineering
October 2009  Photography Competition Click Nagpur, Maharashtra Maharashtra State Board
    College Magazine OCEAN
Web Designer 

Web Designer - Trust Systems and Software
Skill Details 
PHOTOSHOP- Exprience - 28 months
BOOTSTRAP- Exprience - 6 months
HTML5- Exprience - 6 months
JAVASCRIPT- Exprience - 6 months
CSS3- Exprience - Less than 1 year months
Angular 4- Exprience - Less than 1 year monthsCompany Details 
company - Trust Systems and Software
description - Projects worked on:
1. TrustBank-CBS
Project Description: TrustBank-CBS is a core banking solution by Trust Systems.
Roles and Responsibility:
â?? Renovated complete UI to make it more modern, user-friendly, maintainable and optimised for bank use.
â?? Shared the UI structure and guidelines to be incorporated, with development team of around 50
members.
â?? Achieved the target of project completion in given time frame.
â?? Made required graphics for the project in photoshop

2. Loan Bazar (Loan Appraisal)
Project Description: Loan Bazar is a MVC-based application dedicated to creating and managing
loan applications. The goal of this application is to streamline the process of loan application and integrate with existing CBS.
Roles and Responsibility
â?? Designed and developed modern and responsive UI of entire application and achieved the target in given time frame.
â?? Made required graphics for the project in photoshop
3. Capital Security Bond Application
Project Description: Capital Security Bond Application is a MVC based application which provided an online platform to purchase gold bond
Roles and Responsibility:
â?? Designed and developed modern and responsive UI of entire application and achieved the target in given time frame.
â?? Made required graphics for the project in photoshop

4. SoftGST
Project Description: SoftGST (Web Based Application) is an ASP application to every tax
payers and its vendors for generating the GSTR returns on the basis of sales / purchase
data, additionally the application can do the reconciliation of GSTR 2 A with purchase register.
Roles and Responsibility:
â?? Designed and developed the UI of Dashboard.

5. Trust Analytica:
Project Description: Trust Analytika is the mobile web app that shows bank asset, liability,
income, expenses.
Roles and Responsibility:
â?? Designed and developed the landing page of the application.
â?? Supported the developers in UI implementation

6. Website's:
Project Name:
1. TSR Technology Services - http://tsrtechnologyservices.com
2. Vidarbha Merchants Urban Co-Op Bank - http://vmcbank.com
3. GISSS - http://gisss.co.in
4. Softtrust USA - http://softtrustusa.com
Roles and Responsibility
â?? Communicated with clients to understand their requirement
â?? Made mocks for the website
â?? Designed and developed complete website and hosted them in stipulated time.
company - www.jalloshband.com
description - Project Name:
1. Jallosh Band - www.jalloshband.com
2. An Endeavor Foundation
Roles and Responsibility:
â?? Communicated with clients to understand their requirement
â?? Made mocks for the website
â?? Designed and developed complete website and hosted them in stipulated time.
company - 10MagicalFingers
description - National and international client interaction.
â?? Management of digital data",,
Mechanical engineer,,"Education Details 
June 2014 to June 2018 BE Mechanical Engineering Pune, Maharashtra Savitribai Phule Pune University
Mechanical Design Engineer 

Mechanical design engineer
Skill Details 
Microsoft office, Autocad, Catia, Solidworks- Exprience - 6 monthsCompany Details 
company - Push Engineering Pvt ltd
description - Currently I am working as mechanical design engineer in Push engineering Pvt ltd. All types of ice making plant are designed and manufactured in our company. Design includes design of pressure vessel ,condenser, conveyor with the help of 3d modelling software. Also BOM Preparation of material.ERP System.
company - Central Water and Power Research Station
description - Pune)
(Govt. of India)

1 year experience as a Research assistant of R&D Department of mechanical workshop at
Central Water and Power Research Station, Khadakwasla, Pune (Govt. of india)
â?¢ Experiences different project of generation of sea waves in laboratory useful for design of port and harbor structures of Mumbai, Chennai, Goa and foreign countries like Japan, Bangladesh etc.
â?¢ Wave generated by wave maker comes under mechanical workshop. Wave generated with the help of hydraulic as well as pneumatic system and also by regular wave generator.
â?¢ I experiences sea wave generation by hydraulic system. Experiences design of hydraulic system
includes design of servo actuator, axial piston pump and electric motor under supervision and guidance by 'Scientist 'B' at CWPRS.

â?¢ SOFTWARES SKILLS
â?¢ Autocad
â?¢ Catia V5
â?¢ MS office
â?¢ ProE
â?¢ EXTRA CURRICULAR ACTIVITY
â?¢ Organize a National level Technical event in Mechanical Student Association (MESA)
â?¢ Coordinator of MESA as a treasurer.
â?¢ Attending 3d printing workshop in college.
â?¢ Work readiness training conducted by NASSCOM foundation and Global Talent Track in college.
â?¢ Life Skills training conducted by NASSCOM foundation and Global Talent Track in college.

â?¢ PERSONAL ATRIBUTES
â?¢ Positive Attitude
â?¢ Quick Learner
â?¢ Team Leader",,
Seller,,"KEY SKILLS: â?¢ Planning & Strategizing â?¢ Presentation skill â?¢ Client relationship â?¢ Energy level â?¢ Enquiry Generation â?¢ Achieving Targets QUALIFICATIONS: A university in marketing or business studies is preferred or a minimum of three years of related experience in sales & marketing sector. Problem - solving and analytical skills to interpret sales performance and market trend information. Proven ability to motivate and lead the sales team. Experience in developing marketing and sales strategies. Excellent oral and written communication skills, plus a good working knowledge of Microsoft Office. Computer KNOWLEDGE â?¢ Knowledge of MS Excel, MS Word, MS PowerPoint achievements and Interests â?¢ I played Cricket for National Team (Maharashtra Cricket Association) â?¢ Played Regional level Cricket Tournament Thee times for School team â?¢ Worked as a Sports Secretary in college annual meet. â?¢ Worked as a volunteer for road show in POONA College. â?¢ Worked as a Group leader for college presentation. â?¢ My Interest are Learning various computers languages & Tricks and Techniques of computer and Playing Cricket. personal Information . Education Details 
 MBA Operations  Dr. D. Y. Patil College
 B.B.A. Marketing Pune, Maharashtra Poona College
 H. S. C.   Moledina high School & Jr. College
 S. S. C. Maharashtra Board  A.M.V.High School
Sales manager 

Sales Manager
Skill Details 
SALES- Exprience - 104 months
MARKETING- Exprience - 97 months
SALES TEAM- Exprience - 44 months
AND SALES- Exprience - 6 months
EXCEL- Exprience - 6 monthsCompany Details 
company - F2 Fun Fitness
description - â?¢	Set individual sales targets with sales team.

â?¢	Handling Enquiries.

â?¢	Generating new enquiries

â?¢	Set individual sales targets with sales team.

â?¢	Continuously managing team performance.Â 

â?¢	Managing staff training requirements.Â 
Â 
â?¢	Generate timely sales reports.
â?¢	Organizing seasonal promotions and events.

â?¢	Supervise and motivate staff.

â?¢	Â Â Holds regular meeting with sales staff.
company - Gold's Gym India Pvt Ltd
description - JOB PROFILE:

â?¢ Set individual sales targets with sales team.

â?¢ Handling Enquiries.

â?¢ Generating new enquiries

â?¢ Set individual sales targets with sales team.

â?¢ Continuously managing team performance.

â?¢ Managing staff training requirements.

â?¢ Generate timely sales reports.
â?¢ Organizing seasonal promotions and events.

â?¢ Supervise and motivate staff.

â?¢ Holds regular meeting with sales staff.
company - 
description - 10 to 24/2012
Achievements: Joined as a sales associate in 2010. Promoted to Sales Manager 2012.
Exceeded sales targets with high level of contribution & dedication to the organization.
Applauded for Best sales & marketing performance in Pune zone & Awarded the
â?¢    Certificate of Excellence & outstanding performance in the year 2014. Ranked as #1 sales manager (out of 6) in 2013 and 2014. Recognized for superior performance as a two-time district ""Employee of the Month"" honoree.

JOB PROFILE:
â?¢ Build strategies and develop marketing initiative to create awareness of company services.
â?¢ Propose and execute the promotional programme to attract clients.
â?¢ Working with the team of four - six people thereby ensuring that targets defined are achieved.
â?¢ Arrange all the necessary & possible facilities for information desk.
â?¢ Manages personal and develops sales roles support staff.
â?¢ Reviews progress of sales roles throughout the company.
â?¢ Determine price schedules and discount rate.
â?¢ Generate timely sales reports.
â?¢ Control expenses and monitor budgets.
company - Talwalkars Aspire Fitness Pvt Ltd
description - 
company - Talwalkars Aspire Fitness Pvt Ltd
description - ",,
Personal trainer,,"Education Details 
January 2009 P.G. Sports science  Dr. BMN College of Home Science
January 2008 BSc Food Science & Nutrition  Dr. BMN College of Home Science
January 2004 HSC   Central Railway's Jr. college of Science and Commerce
January 2002 SSC HISTORY  IES's Modern English School
 MSc Nutrition  College of Home Science
nutritionist and health promoter 

9yrs experience as a nutritionist and health coach
Skill Details 
Company Details 
company - UGC NET
description - CAREER OBJECTIVE- To use my qualifications as a nutritionist and health promoter to contribute to the well being of individuals in the community.
UGC NET Certificate for Lectureship MAR- 2013

SKILLS LEARNT
â?¢ Working in a team environment.
â?¢ Working as an individual.
â?¢ Time management to ensure all customers are served sufficiently and all tasks are completed to a high standard.
â?¢ Working under pressure and in a busy environment
â?¢ Personal presentation
Communication Skills
â?¢ 9 years of work experience at healthcare startups, health clubs has enhanced my communication skills through discussions with health & fitness professionals & clients, writing articles and designing customized diet plans.
â?¢ Confident in communicating with people on all levels and ensuring their needs are met.
Leadership skills
â?¢ Leadership skills were developed in high school & college as a group leader where team work was essential, also conflict resolution skills were developed.
Oral Skills
â?¢ Volunteering activities, leadership roles and university requirements involved many public speaking opportunities.
â?¢ Communicating with the general public, asking them questions, and giving presentations has helped to further develop public speaking skills.
â?¢ Comfortable with public speaking roles.",,
